,Text,Predicted
0,0,student
1,1,department
2,2,other
3,3,other
4,4,student
5,5,other
6,6,faculty
7,7,other
8,8,other
9,9,other
10,10,faculty
11,11,student
12,12,course
13,13,other
14,14,course
15,15,other
16,16,other
17,17,other
18,18,student
19,19,other
20,20,other
21,21,student
22,22,course
23,23,student
24,24,student
25,25,other
26,26,other
27,27,other
28,28,faculty
29,29,other
30,30,other
31,31,other
32,32,faculty
33,33,course
34,34,other
35,35,student
36,36,student
37,37,faculty
38,38,other
39,39,other
40,40,other
41,41,faculty
42,42,department
43,43,student
44,44,student
45,45,course
46,46,faculty
47,47,other
48,48,other
49,49,faculty
50,50,other
51,51,other
52,52,course
53,53,other
54,54,course
55,55,student
56,56,faculty
57,57,student
58,58,other
59,59,other
60,60,staff
61,61,project
62,62,project
63,63,other
64,64,faculty
65,65,faculty
66,66,other
67,67,other
68,68,other
69,69,other
70,70,project
71,71,other
72,72,other
73,73,student
74,74,student
75,75,other
76,76,faculty
77,77,student
78,78,student
79,79,other
80,80,student
81,81,other
82,82,other
83,83,student
84,84,other
85,85,other
86,86,other
87,87,project
88,88,other
89,89,other
90,90,student
91,91,other
92,92,project
93,93,other
94,94,faculty
95,95,other
96,96,department
97,97,other
98,98,other
99,99,other
100,100,other
101,101,project
102,102,student
103,103,faculty
104,104,other
105,105,other
106,106,course
107,107,other
108,108,faculty
109,109,other
110,110,other
111,111,other
112,112,faculty
113,113,other
114,114,other
115,115,student
116,116,other
117,117,other
118,118,course
119,119,other
120,120,course
121,121,course
122,122,course
123,123,faculty
124,124,other
125,125,course
126,126,student
127,127,student
128,128,other
129,129,other
130,130,department
131,131,student
132,132,other
133,133,course
134,134,student
135,135,student
136,136,other
137,137,other
138,138,other
139,139,other
140,140,other
141,141,faculty
142,142,other
143,143,faculty
144,144,other
145,145,other
146,146,project
147,147,faculty
148,148,other
149,149,other
150,150,faculty
151,151,other
152,152,course
153,153,other
154,154,other
155,155,other
156,156,other
157,157,student
158,158,other
159,159,project
160,160,faculty
161,161,course
162,162,project
163,163,course
164,164,other
165,165,faculty
166,166,other
167,167,course
168,168,other
169,169,project
170,170,course
171,171,other
172,172,other
173,173,other
174,174,other
175,175,faculty
176,176,other
177,177,project
178,178,course
179,179,student
180,180,faculty
181,181,course
182,182,faculty
183,183,other
184,184,other
185,185,other
186,186,faculty
187,187,faculty
188,188,other
189,189,other
190,190,student
191,191,faculty
192,192,faculty
193,193,project
194,194,other
195,195,student
196,196,other
197,197,course
198,198,other
199,199,student
200,200,faculty
201,201,other
202,202,other
203,203,other
204,204,other
205,205,project
206,206,other
207,207,other
208,208,student
209,209,student
210,210,student
211,211,faculty
212,212,other
213,213,other
214,214,faculty
215,215,department
216,216,student
217,217,other
218,218,other
219,219,project
220,220,student
221,221,project
222,222,other
223,223,faculty
224,224,course
225,225,department
226,226,project
227,227,course
228,228,other
229,229,student
230,230,other
231,231,other
232,232,other
233,233,other
234,234,other
235,235,other
236,236,faculty
237,237,other
238,238,student
239,239,faculty
240,240,faculty
241,241,course
242,242,other
243,243,other
244,244,other
245,245,student
246,246,student
247,247,other
248,248,other
249,249,other
250,250,department
251,251,other
252,252,other
253,253,other
254,254,course
255,255,other
256,256,course
257,257,other
258,258,other
259,259,other
260,260,student
261,261,other
262,262,other
263,263,other
264,264,faculty
265,265,student
266,266,course
267,267,staff
268,268,student
269,269,other
270,270,other
271,271,project
272,272,student
273,273,other
274,274,project
275,275,project
276,276,faculty
277,277,other
278,278,other
279,279,other
280,280,other
281,281,staff
282,282,project
283,283,student
284,284,student
285,285,faculty
286,286,other
287,287,student
288,288,other
289,289,student
290,290,student
291,291,other
292,292,department
293,293,project
294,294,other
295,295,other
296,296,student
297,297,course
298,298,other
299,299,course
300,300,faculty
301,301,other
302,302,other
303,303,other
304,304,faculty
305,305,faculty
306,306,other
307,307,student
308,308,project
309,309,student
310,310,student
311,311,other
312,312,course
313,313,other
314,314,faculty
315,315,other
316,316,other
317,317,other
318,318,student
319,319,other
320,320,course
321,321,course
322,322,other
323,323,other
324,324,other
325,325,other
326,326,student
327,327,other
328,328,other
329,329,course
330,330,student
331,331,other
332,332,other
333,333,other
334,334,other
335,335,student
336,336,faculty
337,337,course
338,338,other
339,339,other
340,340,other
341,341,other
342,342,student
343,343,other
344,344,student
345,345,faculty
346,346,other
347,347,student
348,348,student
349,349,course
350,350,other
351,351,other
352,352,faculty
353,353,student
354,354,student
355,355,other
356,356,faculty
357,357,other
358,358,student
359,359,other
360,360,other
361,361,other
362,362,other
363,363,faculty
364,364,other
365,365,other
366,366,student
367,367,other
368,368,other
369,369,other
370,370,faculty
371,371,other
372,372,project
373,373,other
374,374,other
375,375,student
376,376,other
377,377,other
378,378,course
379,379,student
380,380,other
381,381,other
382,382,course
383,383,faculty
384,384,other
385,385,other
386,386,project
387,387,student
388,388,other
389,389,course
390,390,project
391,391,faculty
392,392,other
393,393,course
394,394,student
395,395,department
396,396,faculty
397,397,student
398,398,faculty
399,399,other
400,400,faculty
401,401,other
402,402,faculty
403,403,other
404,404,student
405,405,other
406,406,student
407,407,faculty
408,408,course
409,409,other
410,410,student
411,411,course
412,412,other
413,413,other
414,414,faculty
415,415,student
416,416,student
417,417,other
418,418,faculty
419,419,faculty
420,420,other
421,421,other
422,422,other
423,423,project
424,424,other
425,425,other
426,426,student
427,427,other
428,428,student
429,429,staff
430,430,other
431,431,other
432,432,other
433,433,student
434,434,other
435,435,other
436,436,project
437,437,other
438,438,faculty
439,439,other
440,440,faculty
441,441,student
442,442,other
443,443,other
444,444,student
445,445,student
446,446,student
447,447,project
448,448,faculty
449,449,other
450,450,project
451,451,other
452,452,faculty
453,453,other
454,454,student
455,455,student
456,456,student
457,457,other
458,458,project
459,459,student
460,460,other
461,461,student
462,462,faculty
463,463,other
464,464,student
465,465,faculty
466,466,course
467,467,project
468,468,course
469,469,course
470,470,project
471,471,student
472,472,staff
473,473,student
474,474,faculty
475,475,staff
476,476,other
477,477,course
478,478,student
479,479,student
480,480,course
481,481,course
482,482,other
483,483,other
484,484,student
485,485,other
486,486,other
487,487,other
488,488,faculty
489,489,other
490,490,other
491,491,student
492,492,student
493,493,other
494,494,other
495,495,other
496,496,student
497,497,other
498,498,other
499,499,faculty
500,500,other
501,501,other
502,502,faculty
503,503,other
504,504,other
505,505,faculty
506,506,faculty
507,507,other
508,508,faculty
509,509,other
510,510,other
511,511,faculty
512,512,other
513,513,student
514,514,course
515,515,faculty
516,516,project
517,517,other
518,518,faculty
519,519,student
520,520,other
521,521,faculty
522,522,student
523,523,other
524,524,faculty
525,525,other
526,526,other
527,527,other
528,528,student
529,529,other
530,530,faculty
531,531,student
532,532,student
533,533,department
534,534,other
535,535,project
536,536,staff
537,537,course
538,538,other
539,539,other
540,540,faculty
541,541,other
542,542,project
543,543,department
544,544,other
545,545,other
546,546,student
547,547,other
548,548,student
549,549,student
550,550,other
551,551,other
552,552,student
553,553,other
554,554,other
555,555,other
556,556,other
557,557,project
558,558,other
559,559,other
560,560,course
561,561,student
562,562,course
563,563,other
564,564,project
565,565,other
566,566,other
567,567,other
568,568,faculty
569,569,other
570,570,course
571,571,other
572,572,student
573,573,other
574,574,other
575,575,student
576,576,other
577,577,other
578,578,student
579,579,project
580,580,other
581,581,other
582,582,course
583,583,student
584,584,student
585,585,student
586,586,department
587,587,student
588,588,student
589,589,other
590,590,course
591,591,course
592,592,course
593,593,other
594,594,other
595,595,student
596,596,student
597,597,other
598,598,faculty
599,599,other
600,600,student
601,601,other
602,602,student
603,603,other
604,604,other
605,605,faculty
606,606,student
607,607,other
608,608,project
609,609,faculty
610,610,other
611,611,other
612,612,department
613,613,course
614,614,other
615,615,other
616,616,student
617,617,other
618,618,other
619,619,other
620,620,other
621,621,project
622,622,other
623,623,course
624,624,faculty
625,625,student
626,626,department
627,627,other
628,628,other
629,629,other
630,630,faculty
631,631,faculty
632,632,other
633,633,other
634,634,other
635,635,other
636,636,course
637,637,student
638,638,other
639,639,faculty
640,640,other
641,641,other
642,642,student
643,643,course
644,644,other
645,645,other
646,646,other
647,647,student
648,648,staff
649,649,other
650,650,other
651,651,other
652,652,other
653,653,course
654,654,student
655,655,student
656,656,project
657,657,student
658,658,department
659,659,other
660,660,other
661,661,other
662,662,other
663,663,other
664,664,other
665,665,other
666,666,other
667,667,student
668,668,department
669,669,project
670,670,other
671,671,other
672,672,course
673,673,student
674,674,course
675,675,other
676,676,other
677,677,course
678,678,faculty
679,679,other
680,680,other
681,681,other
682,682,student
683,683,faculty
684,684,course
685,685,faculty
686,686,project
687,687,course
688,688,course
689,689,course
690,690,other
691,691,faculty
692,692,student
693,693,other
694,694,faculty
695,695,other
696,696,student
697,697,other
698,698,faculty
699,699,other
700,700,other
701,701,other
702,702,other
703,703,faculty
704,704,student
705,705,other
706,706,student
707,707,course
708,708,student
709,709,student
710,710,student
711,711,other
712,712,other
713,713,other
714,714,student
715,715,faculty
716,716,faculty
717,717,project
718,718,other
719,719,student
720,720,course
721,721,faculty
722,722,course
723,723,other
724,724,faculty
725,725,other
726,726,student
727,727,other
728,728,other
729,729,other
730,730,student
731,731,other
732,732,other
733,733,student
734,734,student
735,735,other
736,736,other
737,737,course
738,738,other
739,739,faculty
740,740,course
741,741,project
742,742,project
743,743,faculty
744,744,student
745,745,course
746,746,other
747,747,other
748,748,project
749,749,other
750,750,faculty
751,751,other
752,752,other
753,753,course
754,754,course
755,755,faculty
756,756,other
757,757,other
758,758,other
759,759,department
760,760,student
761,761,other
762,762,project
763,763,other
764,764,faculty
765,765,department
766,766,other
767,767,student
768,768,other
769,769,other
770,770,other
771,771,course
772,772,department
773,773,other
774,774,other
775,775,other
776,776,faculty
777,777,other
778,778,other
779,779,faculty
780,780,other
781,781,student
782,782,staff
783,783,faculty
784,784,other
785,785,course
786,786,faculty
787,787,other
788,788,student
789,789,other
790,790,department
791,791,student
792,792,course
793,793,course
794,794,course
795,795,other
796,796,faculty
797,797,other
798,798,student
799,799,student
800,800,student
801,801,other
802,802,other
803,803,course
804,804,other
805,805,department
806,806,student
807,807,other
808,808,faculty
809,809,other
810,810,faculty
811,811,student
812,812,student
813,813,other
814,814,department
815,815,other
816,816,faculty
817,817,other
818,818,other
819,819,faculty
820,820,other
821,821,other
822,822,other
823,823,faculty
824,824,other
825,825,other
826,826,course
827,827,department
828,828,project
829,829,other
830,830,faculty
831,831,other
832,832,staff
833,833,other
834,834,other
835,835,student
836,836,other
837,837,department
838,838,faculty
839,839,other
840,840,faculty
841,841,other
842,842,other
843,843,project
844,844,other
845,845,student
846,846,project
847,847,department
848,848,faculty
849,849,other
850,850,student
851,851,student
852,852,other
853,853,student
854,854,student
855,855,faculty
856,856,staff
857,857,course
858,858,other
859,859,other
860,860,other
861,861,project
862,862,other
863,863,other
864,864,project
865,865,course
866,866,other
867,867,other
868,868,other
869,869,student
870,870,project
871,871,other
872,872,student
873,873,other
874,874,department
875,875,department
876,876,other
877,877,faculty
878,878,other
879,879,other
880,880,other
881,881,faculty
882,882,course
883,883,other
884,884,course
885,885,faculty
886,886,student
887,887,student
888,888,course
889,889,other
890,890,other
891,891,course
892,892,other
893,893,faculty
894,894,student
895,895,department
896,896,other
897,897,other
898,898,course
899,899,faculty
900,900,other
901,901,course
902,902,other
903,903,faculty
904,904,faculty
905,905,student
906,906,other
907,907,department
908,908,student
909,909,course
910,910,student
911,911,other
912,912,faculty
913,913,other
914,914,faculty
915,915,student
916,916,other
917,917,other
918,918,faculty
919,919,other
920,920,course
921,921,other
922,922,course
923,923,student
924,924,other
925,925,faculty
926,926,other
927,927,other
928,928,student
929,929,faculty
930,930,department
931,931,student
932,932,department
933,933,other
934,934,other
935,935,course
936,936,other
937,937,other
938,938,faculty
939,939,other
940,940,project
941,941,other
942,942,other
943,943,student
944,944,department
945,945,course
946,946,course
947,947,other
948,948,other
949,949,other
950,950,faculty
951,951,other
952,952,student
953,953,student
954,954,other
955,955,other
956,956,student
957,957,other
958,958,other
959,959,faculty
960,960,other
961,961,other
962,962,faculty
963,963,faculty
964,964,faculty
965,965,course
966,966,other
967,967,department
968,968,student
969,969,student
970,970,course
971,971,course
972,972,faculty
973,973,other
974,974,other
975,975,course
976,976,project
977,977,other
978,978,student
979,979,staff
980,980,faculty
981,981,other
982,982,other
983,983,faculty
984,984,other
985,985,other
986,986,faculty
987,987,course
988,988,other
989,989,course
990,990,other
991,991,student
992,992,project
993,993,other
994,994,student
995,995,student
996,996,other
997,997,student
998,998,student
999,999,faculty
1000,1000,other
1001,1001,other
1002,1002,student
1003,1003,faculty
1004,1004,student
1005,1005,other
1006,1006,other
1007,1007,course
1008,1008,other
1009,1009,other
1010,1010,other
1011,1011,other
1012,1012,student
1013,1013,faculty
1014,1014,other
1015,1015,student
1016,1016,other
1017,1017,other
1018,1018,faculty
1019,1019,other
1020,1020,faculty
1021,1021,other
1022,1022,faculty
1023,1023,other
1024,1024,student
1025,1025,student
1026,1026,other
1027,1027,faculty
1028,1028,course
1029,1029,student
1030,1030,other
1031,1031,course
1032,1032,other
1033,1033,student
1034,1034,student
1035,1035,student
1036,1036,other
1037,1037,faculty
1038,1038,other
1039,1039,department
1040,1040,course
1041,1041,other
1042,1042,course
1043,1043,student
1044,1044,faculty
1045,1045,other
1046,1046,other
1047,1047,other
1048,1048,faculty
1049,1049,other
1050,1050,student
1051,1051,student
1052,1052,other
1053,1053,other
1054,1054,other
1055,1055,other
1056,1056,other
1057,1057,other
1058,1058,course
1059,1059,course
1060,1060,other
1061,1061,student
1062,1062,student
1063,1063,student
1064,1064,student
1065,1065,student
1066,1066,other
1067,1067,faculty
1068,1068,other
1069,1069,other
1070,1070,course
1071,1071,course
1072,1072,other
1073,1073,other
1074,1074,student
1075,1075,student
1076,1076,faculty
1077,1077,other
1078,1078,project
1079,1079,course
1080,1080,other
1081,1081,student
1082,1082,student
1083,1083,student
1084,1084,other
1085,1085,course
1086,1086,other
1087,1087,other
1088,1088,other
1089,1089,project
1090,1090,other
1091,1091,other
1092,1092,course
1093,1093,other
1094,1094,other
1095,1095,other
1096,1096,student
1097,1097,other
1098,1098,other
1099,1099,student
1100,1100,other
1101,1101,student
1102,1102,other
1103,1103,student
1104,1104,other
1105,1105,course
1106,1106,other
1107,1107,other
1108,1108,other
1109,1109,faculty
1110,1110,project
1111,1111,other
1112,1112,other
1113,1113,other
1114,1114,other
1115,1115,course
1116,1116,student
1117,1117,faculty
1118,1118,faculty
1119,1119,student
1120,1120,other
1121,1121,student
1122,1122,faculty
1123,1123,faculty
1124,1124,other
1125,1125,student
1126,1126,project
1127,1127,faculty
1128,1128,student
1129,1129,other
1130,1130,other
1131,1131,course
1132,1132,project
1133,1133,course
1134,1134,course
1135,1135,course
1136,1136,other
1137,1137,other
1138,1138,other
1139,1139,other
1140,1140,other
1141,1141,other
1142,1142,student
1143,1143,project
1144,1144,other
1145,1145,student
1146,1146,project
1147,1147,student
1148,1148,student
1149,1149,student
1150,1150,faculty
1151,1151,other
1152,1152,other
1153,1153,other
1154,1154,course
1155,1155,course
1156,1156,other
1157,1157,other
1158,1158,other
1159,1159,other
1160,1160,other
1161,1161,other
1162,1162,course
1163,1163,project
1164,1164,project
1165,1165,faculty
1166,1166,faculty
1167,1167,course
1168,1168,other
1169,1169,course
1170,1170,other
1171,1171,faculty
1172,1172,other
1173,1173,faculty
1174,1174,other
1175,1175,faculty
1176,1176,other
1177,1177,faculty
1178,1178,other
1179,1179,other
1180,1180,other
1181,1181,other
1182,1182,other
1183,1183,other
1184,1184,other
1185,1185,other
1186,1186,student
1187,1187,student
1188,1188,course
1189,1189,other
1190,1190,other
1191,1191,project
1192,1192,other
1193,1193,other
1194,1194,course
1195,1195,project
1196,1196,course
1197,1197,other
1198,1198,other
1199,1199,faculty
1200,1200,other
1201,1201,student
1202,1202,other
1203,1203,student
1204,1204,course
1205,1205,other
1206,1206,course
1207,1207,other
1208,1208,department
1209,1209,other
1210,1210,other
1211,1211,project
1212,1212,student
1213,1213,other
1214,1214,other
1215,1215,other
1216,1216,project
1217,1217,course
1218,1218,project
1219,1219,faculty
1220,1220,other
1221,1221,other
1222,1222,other
1223,1223,faculty
1224,1224,student
1225,1225,other
1226,1226,other
1227,1227,other
1228,1228,student
1229,1229,course
1230,1230,student
1231,1231,course
1232,1232,department
1233,1233,other
1234,1234,student
1235,1235,other
1236,1236,faculty
1237,1237,course
1238,1238,faculty
1239,1239,other
1240,1240,department
1241,1241,other
1242,1242,faculty
1243,1243,other
1244,1244,student
1245,1245,project
1246,1246,course
1247,1247,student
1248,1248,other
1249,1249,other
1250,1250,student
1251,1251,course
1252,1252,other
1253,1253,other
1254,1254,other
1255,1255,other
1256,1256,student
1257,1257,other
1258,1258,other
1259,1259,other
1260,1260,faculty
1261,1261,faculty
1262,1262,other
1263,1263,student
1264,1264,other
1265,1265,other
1266,1266,other
1267,1267,student
1268,1268,course
1269,1269,other
1270,1270,other
1271,1271,other
1272,1272,student
1273,1273,other
1274,1274,student
1275,1275,student
1276,1276,student
1277,1277,course
1278,1278,other
1279,1279,department
1280,1280,other
1281,1281,other
1282,1282,faculty
1283,1283,faculty
1284,1284,staff
1285,1285,student
1286,1286,course
1287,1287,other
1288,1288,other
1289,1289,other
1290,1290,course
1291,1291,course
1292,1292,course
1293,1293,faculty
1294,1294,other
1295,1295,student
1296,1296,course
1297,1297,other
1298,1298,other
1299,1299,faculty
1300,1300,other
1301,1301,student
1302,1302,other
1303,1303,faculty
1304,1304,other
1305,1305,faculty
1306,1306,faculty
1307,1307,other
1308,1308,faculty
1309,1309,other
1310,1310,student
1311,1311,other
1312,1312,student
1313,1313,other
1314,1314,faculty
1315,1315,student
1316,1316,other
1317,1317,other
1318,1318,faculty
1319,1319,student
1320,1320,other
1321,1321,other
1322,1322,student
1323,1323,other
1324,1324,course
1325,1325,other
1326,1326,other
1327,1327,other
1328,1328,other
1329,1329,course
1330,1330,other
1331,1331,faculty
1332,1332,student
1333,1333,student
1334,1334,other
1335,1335,other
1336,1336,other
1337,1337,other
1338,1338,other
1339,1339,student
1340,1340,other
1341,1341,other
1342,1342,department
1343,1343,other
1344,1344,other
1345,1345,student
1346,1346,faculty
1347,1347,other
1348,1348,other
1349,1349,other
1350,1350,other
1351,1351,student
1352,1352,student
1353,1353,course
1354,1354,other
1355,1355,other
1356,1356,other
1357,1357,course
1358,1358,student
1359,1359,other
1360,1360,other
1361,1361,other
1362,1362,other
1363,1363,other
1364,1364,other
1365,1365,other
1366,1366,other
1367,1367,other
1368,1368,faculty
1369,1369,student
1370,1370,other
1371,1371,student
1372,1372,faculty
1373,1373,other
1374,1374,other
1375,1375,project
1376,1376,faculty
1377,1377,student
1378,1378,faculty
1379,1379,other
1380,1380,student
1381,1381,other
1382,1382,course
1383,1383,other
1384,1384,other
1385,1385,student
1386,1386,other
1387,1387,course
1388,1388,project
1389,1389,other
1390,1390,staff
1391,1391,other
1392,1392,faculty
1393,1393,student
1394,1394,other
1395,1395,other
1396,1396,course
1397,1397,student
1398,1398,department
1399,1399,student
1400,1400,faculty
1401,1401,student
1402,1402,student
1403,1403,other
1404,1404,student
1405,1405,project
1406,1406,other
1407,1407,course
1408,1408,student
1409,1409,project
1410,1410,other
1411,1411,other
1412,1412,other
1413,1413,student
1414,1414,other
1415,1415,faculty
1416,1416,other
1417,1417,other
1418,1418,other
1419,1419,course
1420,1420,staff
1421,1421,other
1422,1422,other
1423,1423,student
1424,1424,course
1425,1425,other
1426,1426,student
1427,1427,other
1428,1428,other
1429,1429,course
1430,1430,student
1431,1431,other
1432,1432,project
1433,1433,other
1434,1434,other
1435,1435,course
1436,1436,other
1437,1437,other
1438,1438,course
1439,1439,other
1440,1440,other
1441,1441,course
1442,1442,other
1443,1443,department
1444,1444,other
1445,1445,other
1446,1446,other
1447,1447,faculty
1448,1448,other
1449,1449,project
1450,1450,other
1451,1451,other
1452,1452,student
1453,1453,faculty
1454,1454,other
1455,1455,faculty
1456,1456,other
1457,1457,other
1458,1458,other
1459,1459,project
1460,1460,student
1461,1461,other
1462,1462,other
1463,1463,department
1464,1464,other
1465,1465,other
1466,1466,other
1467,1467,faculty
1468,1468,faculty
1469,1469,faculty
1470,1470,project
1471,1471,other
1472,1472,student
1473,1473,student
1474,1474,department
1475,1475,student
1476,1476,student
1477,1477,other
1478,1478,other
1479,1479,other
1480,1480,student
1481,1481,project
1482,1482,student
1483,1483,student
1484,1484,course
1485,1485,other
1486,1486,other
1487,1487,other
1488,1488,course
1489,1489,other
1490,1490,other
1491,1491,faculty
1492,1492,course
1493,1493,faculty
1494,1494,other
1495,1495,other
1496,1496,course
1497,1497,faculty
1498,1498,student
1499,1499,student
1500,1500,other
1501,1501,other
1502,1502,other
1503,1503,other
1504,1504,student
1505,1505,other
1506,1506,other
1507,1507,student
1508,1508,other
1509,1509,student
1510,1510,other
1511,1511,faculty
1512,1512,student
1513,1513,course
1514,1514,student
1515,1515,other
1516,1516,other
1517,1517,department
1518,1518,department
1519,1519,faculty
1520,1520,course
1521,1521,other
1522,1522,course
1523,1523,faculty
1524,1524,student
1525,1525,other
1526,1526,other
1527,1527,student
1528,1528,faculty
1529,1529,other
1530,1530,faculty
1531,1531,project
1532,1532,department
1533,1533,student
1534,1534,course
1535,1535,other
1536,1536,other
1537,1537,faculty
1538,1538,other
1539,1539,other
1540,1540,student
1541,1541,faculty
1542,1542,other
1543,1543,faculty
1544,1544,other
1545,1545,other
1546,1546,staff
1547,1547,faculty
1548,1548,student
1549,1549,other
1550,1550,course
1551,1551,faculty
1552,1552,student
1553,1553,project
1554,1554,faculty
1555,1555,student
1556,1556,course
1557,1557,student
1558,1558,other
1559,1559,student
1560,1560,other
1561,1561,other
1562,1562,faculty
1563,1563,other
1564,1564,other
1565,1565,other
1566,1566,other
1567,1567,other
1568,1568,other
1569,1569,other
1570,1570,other
1571,1571,course
1572,1572,staff
1573,1573,project
1574,1574,other
1575,1575,other
1576,1576,other
1577,1577,course
1578,1578,course
1579,1579,project
1580,1580,project
1581,1581,other
1582,1582,other
1583,1583,course
1584,1584,other
1585,1585,faculty
1586,1586,faculty
1587,1587,other
1588,1588,student
1589,1589,faculty
1590,1590,project
1591,1591,other
1592,1592,other
1593,1593,faculty
1594,1594,other
1595,1595,student
1596,1596,other
1597,1597,staff
1598,1598,course
1599,1599,faculty
1600,1600,other
1601,1601,project
1602,1602,faculty
1603,1603,faculty
1604,1604,student
1605,1605,student
1606,1606,other
1607,1607,student
1608,1608,student
1609,1609,student
1610,1610,other
1611,1611,course
1612,1612,student
1613,1613,other
1614,1614,project
1615,1615,other
1616,1616,faculty
1617,1617,other
1618,1618,other
1619,1619,student
1620,1620,project
1621,1621,other
1622,1622,course
1623,1623,project
1624,1624,project
1625,1625,student
1626,1626,project
1627,1627,project
1628,1628,student
1629,1629,other
1630,1630,student
1631,1631,other
1632,1632,faculty
1633,1633,project
1634,1634,other
1635,1635,student
1636,1636,course
1637,1637,student
1638,1638,student
1639,1639,other
1640,1640,other
1641,1641,other
1642,1642,project
1643,1643,other
1644,1644,other
1645,1645,other
1646,1646,other
1647,1647,student
1648,1648,student
1649,1649,student
1650,1650,student
1651,1651,student
1652,1652,other
1653,1653,course
1654,1654,other
1655,1655,student
1656,1656,other
1657,1657,faculty
1658,1658,other
